{
  "single_turbine_aep_mwh": 1536.58,
  "single_turbine_cf": 0.08770433789954338,
  "n_turbines": 50,
  "rf_mae_kW": 0.0007192174913693901,
  "rf_rmse_kW": 0.029983693305057294,
  "rf_r2": 0.9999999828685675,
  "lstm_mae_kW": 101.8479207318589,
  "lstm_rmse_kW": 198.78464347336399,
  "lstm_r2": 0.24701021084587282
}